BEGIN TRANSACTION;
CREATE TABLE "schema_migrations" ("version" varchar(255) NOT NULL);
INSERT INTO "schema_migrations" VALUES('20131215162844');
INSERT INTO "schema_migrations" VALUES('20131216065822');
INSERT INTO "schema_migrations" VALUES('20131216065932');
INSERT INTO "schema_migrations" VALUES('20131221151949');
INSERT INTO "schema_migrations" VALUES('20131221153737');
INSERT INTO "schema_migrations" VALUES('20131221153906');
INSERT INTO "schema_migrations" VALUES('20131221154007');
INSERT INTO "schema_migrations" VALUES('20131221155005');
INSERT INTO "schema_migrations" VALUES('20131221160449');
INSERT INTO "schema_migrations" VALUES('20131221161656');
INSERT INTO "schema_migrations" VALUES('20131221162110');
INSERT INTO "schema_migrations" VALUES('20131221162458');
INSERT INTO "schema_migrations" VALUES('20131221165655');
INSERT INTO "schema_migrations" VALUES('20131221184309');
INSERT INTO "schema_migrations" VALUES('20131221190750');
INSERT INTO "schema_migrations" VALUES('20131221191851');
INSERT INTO "schema_migrations" VALUES('20131221195824');
INSERT INTO "schema_migrations" VALUES('20131221201041');
INSERT INTO "schema_migrations" VALUES('20131221201748');
INSERT INTO "schema_migrations" VALUES('20131221202301');
INSERT INTO "schema_migrations" VALUES('20131221211604');
INSERT INTO "schema_migrations" VALUES('20131226210808');
INSERT INTO "schema_migrations" VALUES('20131226211045');
INSERT INTO "schema_migrations" VALUES('20131226211144');
INSERT INTO "schema_migrations" VALUES('20140101181412');
INSERT INTO "schema_migrations" VALUES('20140101194631');
INSERT INTO "schema_migrations" VALUES('20140101200910');
INSERT INTO "schema_migrations" VALUES('20140101201431');
INSERT INTO "schema_migrations" VALUES('20140112202436');
INSERT INTO "schema_migrations" VALUES('20140112203316');
INSERT INTO "schema_migrations" VALUES('20140112204543');
INSERT INTO "schema_migrations" VALUES('20140112205239');
INSERT INTO "schema_migrations" VALUES('20140112211237');
INSERT INTO "schema_migrations" VALUES('20140113012750');
INSERT INTO "schema_migrations" VALUES('20140113012119');
INSERT INTO "schema_migrations" VALUES('20140113013828');
INSERT INTO "schema_migrations" VALUES('20140113032806');
INSERT INTO "schema_migrations" VALUES('20140113044022');
INSERT INTO "schema_migrations" VALUES('20140113055824');
INSERT INTO "schema_migrations" VALUES('20140129034422');
INSERT INTO "schema_migrations" VALUES('20140209190414');
INSERT INTO "schema_migrations" VALUES('20140209190415');
INSERT INTO "schema_migrations" VALUES('20140209190416');
INSERT INTO "schema_migrations" VALUES('20140209200201');
INSERT INTO "schema_migrations" VALUES('20140218010342');
INSERT INTO "schema_migrations" VALUES('20140218012241');
INSERT INTO "schema_migrations" VALUES('20140218113559');
INSERT INTO "schema_migrations" VALUES('20140218114323');
INSERT INTO "schema_migrations" VALUES('20140220033316');
INSERT INTO "schema_migrations" VALUES('20140220033709');
INSERT INTO "schema_migrations" VALUES('20140220234608');
INSERT INTO "schema_migrations" VALUES('20140221111150');
INSERT INTO "schema_migrations" VALUES('20140221124701');
INSERT INTO "schema_migrations" VALUES('20140306034020');
INSERT INTO "schema_migrations" VALUES('20140317055757');
INSERT INTO "schema_migrations" VALUES('20140318053149');
INSERT INTO "schema_migrations" VALUES('20140318060854');
INSERT INTO "schema_migrations" VALUES('20140318061938');
INSERT INTO "schema_migrations" VALUES('20140318065700');
INSERT INTO "schema_migrations" VALUES('20140318065819');
INSERT INTO "schema_migrations" VALUES('20140323022212');
INSERT INTO "schema_migrations" VALUES('20140328031323');
INSERT INTO "schema_migrations" VALUES('20140329082316');
INSERT INTO "schema_migrations" VALUES('20140329191358');
INSERT INTO "schema_migrations" VALUES('20140329200746');
INSERT INTO "schema_migrations" VALUES('20140330005529');
INSERT INTO "schema_migrations" VALUES('20140330011109');
CREATE TABLE "category1s" ("id" SERIAL PRIMARY KEY NOT NULL, "cat1cod" varchar(255), "cat1desc" varchar(255), "created_at" timestamp NOT NULL, "updated_at" timestamp NOT NULL);
INSERT INTO "category1s" VALUES(1,'IT','Information Technology','2013-12-27 21:49:31.310825','2013-12-31 01:35:16.516343');
INSERT INTO "category1s" VALUES(2,'LING','Linguistics','2013-12-27 22:07:56.039902','2013-12-28 17:17:42.103916');
CREATE TABLE "category2s" ("id" SERIAL PRIMARY KEY NOT NULL, "category1_id" integer, "cat2cod" varchar(255), "cat2desc" varchar(255), "created_at" timestamp NOT NULL, "updated_at" timestamp NOT NULL);
INSERT INTO "category2s" VALUES(1,1,'SWARE','Software','2013-12-28 17:15:43.434319','2013-12-28 17:15:43.434319');
INSERT INTO "category2s" VALUES(2,2,'LANG','Foreign Language','2013-12-28 17:18:16.446098','2013-12-28 17:18:16.446098');
INSERT INTO "category2s" VALUES(3,1,'Hware','Hardware','2013-12-28 17:19:10.695593','2013-12-28 17:19:10.695593');
INSERT INTO "category2s" VALUES(15,2,'ddd','wertg','2013-12-29 20:45:32.391356','2013-12-29 20:45:32.391356');
INSERT INTO "category2s" VALUES(16,2,'dddr','wertgj','2013-12-29 20:46:18.579540','2013-12-29 20:46:18.579540');
INSERT INTO "category2s" VALUES(17,2,'dddrs','wertgjff','2013-12-31 00:40:23.455551','2013-12-31 00:40:23.455551');
INSERT INTO "category2s" VALUES(18,2,'dddrse','wertgjffr','2013-12-31 00:43:04.825017','2013-12-31 00:43:04.825017');
INSERT INTO "category2s" VALUES(37,2,'333','sss','2013-12-31 02:00:08.982182','2013-12-31 02:00:08.982182');
INSERT INTO "category2s" VALUES(38,2,'444','sss','2013-12-31 02:01:51.301399','2013-12-31 02:01:51.301399');
INSERT INTO "category2s" VALUES(39,2,'555','333','2013-12-31 02:03:27.386150','2013-12-31 02:03:27.386150');
INSERT INTO "category2s" VALUES(40,2,'2121','333','2013-12-31 02:05:24.839915','2013-12-31 02:05:24.839915');
INSERT INTO "category2s" VALUES(41,2,'444','333','2013-12-31 02:09:43.505146','2013-12-31 02:09:43.505146');
INSERT INTO "category2s" VALUES(47,2,'sss','xxx','2013-12-31 07:38:33.291656','2013-12-31 07:38:33.291656');
INSERT INTO "category2s" VALUES(48,2,'XXX','dddd','2014-01-01 18:21:28.903356','2014-01-01 18:21:28.903356');
CREATE TABLE "category3s" ("id" SERIAL PRIMARY KEY NOT NULL, "category2_id" integer, "cat3cod" varchar(255), "cat3desc" varchar(255), "created_at" timestamp NOT NULL, "updated_at" timestamp NOT NULL);
INSERT INTO "category3s" VALUES(1,1,'PROGLANG','Programming Language','2013-12-28 18:15:05.783755','2013-12-28 18:15:05.783755');
INSERT INTO "category3s" VALUES(5,2,'x3s2555','sxxxx11155','2014-01-01 01:20:36.349409','2014-01-01 17:20:00.776007');
INSERT INTO "category3s" VALUES(9,3,'Server','Server Hardware','2014-01-01 17:42:03.252077','2014-01-01 17:42:03.252077');
INSERT INTO "category3s" VALUES(10,38,'qqqq','1111','2014-01-01 18:21:57.790692','2014-01-01 18:21:57.790692');
INSERT INTO "category3s" VALUES(11,2,'Basic','Basic Stuff','2014-03-07 04:28:50.061057','2014-03-07 04:29:24.690761');
CREATE TABLE "contenttags" ("id" SERIAL PRIMARY KEY NOT NULL, "ctagdesc" varchar(255), "taggable_id" integer, "taggable_type" varchar(255), "created_at" timestamp NOT NULL, "updated_at" timestamp NOT NULL);
CREATE TABLE "sourcetypes" ("id" SERIAL PRIMARY KEY NOT NULL, "stcod" varchar(255), "stdesc" text, "created_at" timestamp NOT NULL, "updated_at" timestamp NOT NULL);
INSERT INTO "sourcetypes" VALUES(1,'WEBTUT','Website - Tutorials','2014-01-12 21:09:15.913821','2014-01-12 21:09:15.913821');
INSERT INTO "sourcetypes" VALUES(2,'WEBFOR','Website - Forum','2014-01-12 21:09:29.710804','2014-01-12 21:09:29.710804');
INSERT INTO "sourcetypes" VALUES(3,'WEBVID','Website - Videos','2014-01-12 21:09:44.028313','2014-01-12 21:09:44.028313');
INSERT INTO "sourcetypes" VALUES(4,'WEBMNTR','Website - Mentorship','2014-01-12 21:10:10.116192','2014-01-12 21:10:10.116192');
CREATE TABLE "subjects" ("id" SERIAL PRIMARY KEY NOT NULL, "name" varchar(255), "description" text, "created_at" timestamp NOT NULL, "updated_at" timestamp NOT NULL, "purpose" varchar(255), "complexity" decimal(5,2), "avgtimetolearn" integer, "category1_id" integer, "category2_id" integer, "category3_id" integer, "slug" varchar(255), "created_by_id" integer, "updated_by_id" integer);
INSERT INTO "subjects" VALUES(2,'Ruby on Rails','awesome language','2014-01-13 03:19:42.562438','2014-03-18 07:04:12.314867','mvc creation of... stuff',8,21,1,1,1,'ruby-on-rails',2,2);
INSERT INTO "subjects" VALUES(3,'Objective-C','Language created by Apple for development on the OSX and iOS platform','2013-12-15 16:39:44.676021','2014-03-18 07:04:12.329214','test',7,19,1,1,1,'objective-c',2,2);
INSERT INTO "subjects" VALUES(4,'Test','testdesc','2014-02-06 23:14:37.623864','2014-03-18 07:04:12.336968','testpurpose',9,15,1,3,9,'test',2,2);
INSERT INTO "subjects" VALUES(5,'genmod test','test with gen mod','2014-02-16 17:16:05.949355','2014-03-18 07:04:12.344957','basic test',9,111,1,1,1,'genmod-test',2,2);
INSERT INTO "subjects" VALUES(6,' GenMod Test 2','description of genmod test update','2014-02-16 17:22:22.076861','2014-03-18 07:04:12.355275','Basic purpose',9,99,2,2,5,'genmod-test-2',2,2);
INSERT INTO "subjects" VALUES(7,'test 4','without mod after compare','2014-02-16 17:51:52.251433','2014-03-18 07:04:12.362062','test purp',9,99,2,2,11,'test-4',2,2);
INSERT INTO "subjects" VALUES(8,'test 5','without mod after compare','2014-02-16 17:52:16.376338','2014-03-18 07:04:12.369296','test purp',9,99,1,1,1,'test-5',2,2);
INSERT INTO "subjects" VALUES(9,'gensub','desctest','2014-02-16 18:06:25.065091','2014-03-18 07:04:12.377113','purp',8,11,1,3,9,'gensub',2,2);
INSERT INTO "subjects" VALUES(10,'Spanish','Spanish Desc','2014-03-14 04:04:30.842784','2014-03-18 07:04:12.403090','Speaking',1,120,2,2,11,'spanish',2,2);
INSERT INTO "subjects" VALUES(11,'fefefegfe','bbvee','2014-03-14 04:32:10.286704','2014-03-18 07:04:12.410698','efefe',3,34,2,2,11,'fefefegfe',2,2);
INSERT INTO "subjects" VALUES(12,'egggg grree ddddff','gggggg xxxxx','2014-03-14 04:56:12.560346','2014-03-29 05:16:39.199336','grgrgrg',2,22,1,1,1,'egggg-grree-ddddff',2,2);
INSERT INTO "subjects" VALUES(13,'ttt','test','2014-03-29 05:18:47.520849','2014-03-29 05:18:47.520849','test',3,2,1,1,1,'ttt',2,2);
CREATE TABLE "sources" ("id" SERIAL PRIMARY KEY NOT NULL, "name" varchar(255), "description" text, "weburl" varchar(255), "physaddress" text, "created_at" timestamp, "updated_at" timestamp, "membercount" integer, "sourcetype_id" integer, "slug" varchar(255), "created_by_id" integer, "updated_by_id" integer);
INSERT INTO "sources" VALUES(1,'Team Treehouse','Website with interactive','teamtreehouse.com','Somewhere in the US','2013-12-17 01:08:11.041545','2014-03-18 07:06:40.426643',NULL,1,'team-treehouse',2,NULL);
INSERT INTO "sources" VALUES(2,'test','test','te.co','ttest2333','2014-01-13 00:06:55.336537','2014-03-18 07:06:40.446056',NULL,2,'test',2,NULL);
INSERT INTO "sources" VALUES(3,'src3','test3','test.com','sumwey','2014-02-16 17:45:20.720409','2014-03-18 07:06:40.451310',NULL,1,'src3',2,NULL);
INSERT INTO "sources" VALUES(4,'Udemy','video website','udemy.com','Somewhere','2014-03-19 01:15:50.336341','2014-03-19 01:17:32.273784',NULL,3,'udemy',2,NULL);
INSERT INTO "sources" VALUES(5,'igifif qwerty','testy ggfffeeeeeeeeee','qqqqqqqqq','rrtrrrttrrttrrttrrttrrt','2014-03-29 03:54:18.053849','2014-03-29 04:55:43.350898',NULL,1,'igifif-qwerty',2,2);
CREATE TABLE "deliverymethods" ("id" SERIAL PRIMARY KEY NOT NULL, "dmcod" varchar(255), "dmdesc" varchar(255), "dmimgurl" varchar(255), "dmimgtype" varchar(255), "dmimgw" integer, "dmimgh" integer, "created_at" timestamp NOT NULL, "updated_at" timestamp NOT NULL);
INSERT INTO "deliverymethods" VALUES(1,'VID','Video','cxxxxyy','jpeg',24,24,'2014-01-13 04:46:04.547003','2014-01-13 04:46:21.032537');
INSERT INTO "deliverymethods" VALUES(2,'AUD','Audio','sssss','jpeg',24,24,'2014-01-13 04:54:43.193683','2014-01-13 04:54:43.193683');
INSERT INTO "deliverymethods" VALUES(3,'INTCOD','Interactive Coding','rrrr','png',24,24,'2014-01-13 04:55:43.960694','2014-01-13 04:55:43.960694');
INSERT INTO "deliverymethods" VALUES(4,'WTXT','Text - Web','fygu','jpeg',24,24,'2014-01-13 04:58:06.584918','2014-01-13 04:58:06.584918');
CREATE TABLE "usedmethods" ("id" SERIAL PRIMARY KEY NOT NULL, "deliverymethod_id" integer, "deliverable_id" integer, "deliverable_type" varchar(255), "created_at" timestamp NOT NULL, "updated_at" timestamp NOT NULL);
INSERT INTO "usedmethods" VALUES(1,1,1,'Source','2014-01-27','2014-01-27');
INSERT INTO "usedmethods" VALUES(2,3,1,'Portfolio','2014-01-27','2014-01-27');
INSERT INTO "usedmethods" VALUES(11,3,2,'Portfolio','2014-02-27 00:44:37.976372','2014-02-27 00:44:37.976372');
INSERT INTO "usedmethods" VALUES(13,2,1,'Portfolio','2014-02-27 01:06:26.531817','2014-02-27 01:06:26.531817');
INSERT INTO "usedmethods" VALUES(15,1,1,'Portfolio','2014-02-27 01:17:23.057294','2014-02-27 01:17:23.057294');
INSERT INTO "usedmethods" VALUES(17,1,2,'Portfolio','2014-02-27 02:13:38.768405','2014-02-27 02:13:38.768405');
INSERT INTO "usedmethods" VALUES(18,3,3,'Portfolio','2014-03-07 03:47:45.006925','2014-03-07 03:47:45.006925');
INSERT INTO "usedmethods" VALUES(19,4,3,'Portfolio','2014-03-07 03:48:02.475233','2014-03-07 03:48:02.475233');
INSERT INTO "usedmethods" VALUES(20,2,2,'Portfolio','2014-03-07 03:48:41.721410','2014-03-07 03:48:41.721410');
INSERT INTO "usedmethods" VALUES(21,2,3,'Portfolio','2014-03-13 23:58:18.020840','2014-03-13 23:58:18.020840');
INSERT INTO "usedmethods" VALUES(22,1,3,'Portfolio','2014-03-14 00:42:05.199382','2014-03-14 00:42:05.199382');
INSERT INTO "usedmethods" VALUES(23,2,4,'Portfolio','2014-03-14 05:00:18.557018','2014-03-14 05:00:18.557018');
INSERT INTO "usedmethods" VALUES(29,3,4,'Portfolio','2014-03-16 00:24:40.416792','2014-03-16 00:24:40.416792');
INSERT INTO "usedmethods" VALUES(30,1,4,'Portfolio','2014-03-16 00:24:40.421549','2014-03-16 00:24:40.421549');
INSERT INTO "usedmethods" VALUES(31,4,4,'Portfolio','2014-03-16 00:24:40.425987','2014-03-16 00:24:40.425987');
INSERT INTO "usedmethods" VALUES(32,3,1,'Source','2014-03-16 01:18:50.112570','2014-03-16 01:18:50.112570');
INSERT INTO "usedmethods" VALUES(33,4,1,'Source','2014-03-16 01:18:50.117897','2014-03-16 01:18:50.117897');
INSERT INTO "usedmethods" VALUES(34,1,4,'Source','2014-03-19 01:15:50.696943','2014-03-19 01:15:50.696943');
INSERT INTO "usedmethods" VALUES(35,2,4,'Source','2014-03-19 01:15:50.726883','2014-03-19 01:15:50.726883');
INSERT INTO "usedmethods" VALUES(36,4,4,'Source','2014-03-19 01:15:50.731681','2014-03-19 01:15:50.731681');
INSERT INTO "usedmethods" VALUES(37,3,5,'Source','2014-03-29 03:57:55.062168','2014-03-29 03:57:55.062168');
INSERT INTO "usedmethods" VALUES(38,3,5,'Portfolio','2014-03-29 20:23:02.452175','2014-03-29 20:23:02.452175');
INSERT INTO "usedmethods" VALUES(39,1,5,'Portfolio','2014-03-29 20:23:02.458652','2014-03-29 20:23:02.458652');
CREATE TABLE "subject_modules" ("id" SERIAL PRIMARY KEY NOT NULL, "subject_id" integer, "smname" varchar(255), "smdescription" text, "smpurpose" text, "order" integer, "created_at" timestamp NOT NULL, "updated_at" timestamp NOT NULL, "slug" varchar(255), "created_by_id" integer, "updated_by_id" integer);
INSERT INTO "subject_modules" VALUES(2,3,'ObjC Syntax','ObjC Syntax description1111132333','secondary purpose',2,'2014-02-01','2014-03-23 04:17:18.422951','objc-syntax',NULL,NULL);
INSERT INTO "subject_modules" VALUES(3,3,'ObC 2','ObC 2 descriptionqqqq','third purpose',2,'2014-02-01','2014-03-23 04:17:18.822635','obc-2',NULL,NULL);
INSERT INTO "subject_modules" VALUES(4,3,'ObC 3','ObC 3 description','fourth purpose',3,'2014-02-01','2014-03-23 04:17:18.892334','obc-3',NULL,NULL);
INSERT INTO "subject_modules" VALUES(5,3,'ObC 4','ObC 4 desc','fifthpurpose',NULL,'2014-02-06 23:12:42.085474','2014-03-23 04:17:18.898312','obc-4',NULL,NULL);
INSERT INTO "subject_modules" VALUES(6,4,'modnm','moddescwwww','modpurp',NULL,'2014-02-06 23:14:37.631838','2014-03-23 04:17:18.903288','modnm',NULL,NULL);
INSERT INTO "subject_modules" VALUES(7,4,'modnm2','moddesc2','modpurp2',NULL,'2014-02-06 23:14:37.637935','2014-03-23 04:17:18.908491','modnm2',NULL,NULL);
INSERT INTO "subject_modules" VALUES(8,2,'MVC','MVC desc','itsmpurp',NULL,'2014-02-07 00:12:44.358079','2014-03-23 02:52:24.438677','mvc',NULL,NULL);
INSERT INTO "subject_modules" VALUES(9,6,'General','Basic description of the subject','This is the main item related to the subject',1,'2014-02-16 17:25:00.861507','2014-03-23 04:17:19.012181','general',NULL,NULL);
INSERT INTO "subject_modules" VALUES(10,9,'General','Basic description of the subject 12121','This is the main item related to the subject',1,'2014-02-16 18:08:08.557900','2014-03-23 04:17:19.043014','general--2',NULL,NULL);
INSERT INTO "subject_modules" VALUES(11,9,'qqqqq','wwww','eeeeee',NULL,'2014-03-14 03:52:00.259052','2014-03-23 04:17:19.064757','qqqqq',NULL,NULL);
INSERT INTO "subject_modules" VALUES(12,9,'wwwewewew','eettetet','dsscscscs',NULL,'2014-03-14 03:52:44.911592','2014-03-23 04:17:19.070245','wwwewewew',NULL,NULL);
INSERT INTO "subject_modules" VALUES(13,10,'233131','424244','dvdvdvdvd',NULL,'2014-03-14 04:04:30.875665','2014-03-23 04:17:19.107907','233131',NULL,NULL);
INSERT INTO "subject_modules" VALUES(14,11,'erererffq','bgegefe','dwdwdwdw',NULL,'2014-03-14 04:32:10.296085','2014-03-23 04:17:19.212428','erererffq',NULL,NULL);
INSERT INTO "subject_modules" VALUES(15,12,'General','Basic description of the subject','This is the main item related to the subject',1,'2014-03-14 04:56:12.616554','2014-03-23 04:17:19.218517','general--3',NULL,NULL);
INSERT INTO "subject_modules" VALUES(16,12,'ggggeeyyuu','gebbdvdcs','vdvvdvd',NULL,'2014-03-14 05:04:30.433038','2014-03-23 04:17:19.289330','ggggeeyyuu',NULL,NULL);
INSERT INTO "subject_modules" VALUES(17,12,'ffrgrgrq','dwdwwwww','kokoko',NULL,'2014-03-14 11:06:52.114031','2014-03-23 04:17:19.556909','ffrgrgrq',NULL,NULL);
INSERT INTO "subject_modules" VALUES(18,10,'wqefeqfog','pvfsvspgp','bpvfdsv',NULL,'2014-03-14 11:25:21.225611','2014-03-23 04:17:19.562574','wqefeqfog',NULL,NULL);
INSERT INTO "subject_modules" VALUES(21,12,'grgrqq','qefefefeqqq','ggggrrrr',NULL,'2014-03-16 00:02:42.313289','2014-03-23 04:17:19.567968','grgrqq',NULL,NULL);
INSERT INTO "subject_modules" VALUES(22,12,'ofofof','wwwwrw','qqqeee',NULL,'2014-03-16 00:04:50.500310','2014-03-23 04:17:19.573364','ofofof',NULL,NULL);
INSERT INTO "subject_modules" VALUES(23,12,'uyyyyyyy','qqqqqqww','tdtddtdy',NULL,'2014-03-16 00:04:50.506431','2014-03-23 04:17:19.578280','uyyyyyyy',NULL,NULL);
INSERT INTO "subject_modules" VALUES(24,12,'gogofofofof','sssuusu','flvvvpvp',NULL,'2014-03-16 00:04:50.512268','2014-03-23 04:17:19.584085','gogofofofof',NULL,NULL);
INSERT INTO "subject_modules" VALUES(25,6,'hththt','hetegte','jjjjj',NULL,'2014-03-16 00:33:49.392470','2014-03-23 04:17:19.806242','hththt',NULL,NULL);
INSERT INTO "subject_modules" VALUES(26,6,'jhyhy','ffff','eeeeee',NULL,'2014-03-16 00:33:49.398307','2014-03-23 04:17:19.842088','jhyhy',NULL,NULL);
INSERT INTO "subject_modules" VALUES(27,6,'egtgt','gtgtgt','tgtgt',NULL,'2014-03-16 00:33:49.404243','2014-03-23 04:17:19.848922','egtgt',NULL,NULL);
INSERT INTO "subject_modules" VALUES(28,6,'ttggtdg','hyy','cdedeede',NULL,'2014-03-16 00:33:49.410428','2014-03-23 04:17:19.916629','ttggtdg',NULL,NULL);
INSERT INTO "subject_modules" VALUES(29,2,'Ruby stuff','Just ruby the prog lang','programming',NULL,'2014-03-23 02:52:24.441860','2014-03-23 02:52:24.441860','ruby-stuff',NULL,NULL);
INSERT INTO "subject_modules" VALUES(30,13,'General','Basic description of the subject','This is the main item related to the subject',1,'2014-03-29 05:18:47.533193','2014-03-29 05:18:47.533193','general--4',NULL,NULL);
CREATE TABLE "blog_posts" ("id" SERIAL PRIMARY KEY NOT NULL, "title" varchar(255) NOT NULL, "body" text NOT NULL, "blogger_id" integer, "blogger_type" varchar(255), "comments_count" integer DEFAULT 0 NOT NULL, "created_at" timestamp NOT NULL, "updated_at" timestamp NOT NULL);
INSERT INTO "blog_posts" VALUES(2,'ruby stuff 2','222 This is some basic content about ruby',2,'User',0,'2014-02-15 20:41:33.902428','2014-02-15 20:41:33.902428');
INSERT INTO "blog_posts" VALUES(3,'Objective C is hard','Because you know, it is...',2,'User',0,'2014-03-19 01:33:16.118756','2014-03-19 01:33:16.118756');
INSERT INTO "blog_posts" VALUES(4,'Creating Blogs is Tough Work','Take a lot of planning, maybe I should let everyone else do this.',2,'User',0,'2014-03-23 00:14:04.742671','2014-03-23 00:14:04.742671');
INSERT INTO "blog_posts" VALUES(5,'So many steps to do','Soooo many steps to get this done. What makes it horrible is that the core of the application is the simplest.',2,'User',0,'2014-03-23 00:15:08.899374','2014-03-23 00:15:08.899374');
CREATE TABLE "blog_comments" ("id" SERIAL PRIMARY KEY NOT NULL, "name" varchar(255) NOT NULL, "email" varchar(255) NOT NULL, "website" varchar(255), "body" text NOT NULL, "post_id" integer NOT NULL, "state" varchar(255), "created_at" timestamp NOT NULL, "updated_at" timestamp NOT NULL);
CREATE TABLE "tags" ("id" SERIAL PRIMARY KEY NOT NULL, "name" varchar(255));
INSERT INTO "tags" VALUES(1,'framework');
INSERT INTO "tags" VALUES(2,'programming');
INSERT INTO "tags" VALUES(3,'rails');
INSERT INTO "tags" VALUES(4,'web');
INSERT INTO "tags" VALUES(5,'paid');
INSERT INTO "tags" VALUES(6,'vids');
INSERT INTO "tags" VALUES(7,'facilitator');
INSERT INTO "tags" VALUES(8,'free');
INSERT INTO "tags" VALUES(9,'ios');
INSERT INTO "tags" VALUES(10,'pogramming');
INSERT INTO "tags" VALUES(11,'blog');
INSERT INTO "tags" VALUES(12,'crowd');
INSERT INTO "tags" VALUES(13,'community');
INSERT INTO "tags" VALUES(14,'mvp');
INSERT INTO "tags" VALUES(15,'app');
INSERT INTO "tags" VALUES(16,'test');
CREATE TABLE "taggings" ("id" SERIAL PRIMARY KEY NOT NULL, "tag_id" integer, "taggable_id" integer, "taggable_type" varchar(255), "tagger_id" integer, "tagger_type" varchar(255), "context" varchar(255), "created_at" timestamp);
INSERT INTO "taggings" VALUES(4,1,2,'Blogit::Post',NULL,NULL,'tags','2014-02-15 20:41:33.918621');
INSERT INTO "taggings" VALUES(5,2,2,'Blogit::Post',NULL,NULL,'tags','2014-02-15 20:41:33.927660');
INSERT INTO "taggings" VALUES(6,3,2,'Blogit::Post',NULL,NULL,'tags','2014-02-15 20:41:33.936085');
INSERT INTO "taggings" VALUES(7,1,2,'Subject',NULL,NULL,'tags','2014-03-16 22:41:27.179437');
INSERT INTO "taggings" VALUES(8,4,2,'Subject',NULL,NULL,'tags','2014-03-16 22:41:27.188885');
INSERT INTO "taggings" VALUES(9,5,1,'Source',NULL,NULL,'tags','2014-03-16 22:49:45.764208');
INSERT INTO "taggings" VALUES(10,6,1,'Source',NULL,NULL,'tags','2014-03-16 22:49:45.774015');
INSERT INTO "taggings" VALUES(11,7,4,'Source',NULL,NULL,'tags','2014-03-19 01:17:32.417256');
INSERT INTO "taggings" VALUES(12,4,4,'Source',NULL,NULL,'tags','2014-03-19 01:17:32.427260');
INSERT INTO "taggings" VALUES(13,5,4,'Source',NULL,NULL,'tags','2014-03-19 01:17:32.435571');
INSERT INTO "taggings" VALUES(14,8,4,'Source',NULL,NULL,'tags','2014-03-19 01:17:32.443478');
INSERT INTO "taggings" VALUES(15,9,3,'Blogit::Post',NULL,NULL,'tags','2014-03-19 01:33:16.200342');
INSERT INTO "taggings" VALUES(16,10,3,'Blogit::Post',NULL,NULL,'tags','2014-03-19 01:33:16.209153');
INSERT INTO "taggings" VALUES(17,11,4,'Blogit::Post',NULL,NULL,'tags','2014-03-23 00:14:05.495586');
INSERT INTO "taggings" VALUES(18,12,4,'Blogit::Post',NULL,NULL,'tags','2014-03-23 00:14:05.529457');
INSERT INTO "taggings" VALUES(19,13,4,'Blogit::Post',NULL,NULL,'tags','2014-03-23 00:14:05.538337');
INSERT INTO "taggings" VALUES(20,14,5,'Blogit::Post',NULL,NULL,'tags','2014-03-23 00:15:08.946360');
INSERT INTO "taggings" VALUES(21,15,5,'Blogit::Post',NULL,NULL,'tags','2014-03-23 00:15:08.956367');
INSERT INTO "taggings" VALUES(22,16,5,'Source',NULL,NULL,'tags','2014-03-29 03:57:55.142694');
CREATE TABLE "users" ("id" SERIAL PRIMARY KEY NOT NULL, "first_name" varchar(255), "last_name" varchar(255), "profile_name" varchar(255), "email" varchar(255) DEFAULT '' NOT NULL, "encrypted_password" varchar(255) DEFAULT '' NOT NULL, "reset_password_token" varchar(255), "reset_password_sent_at" timestamp, "remember_created_at" timestamp, "sign_in_count" integer DEFAULT 0, "current_sign_in_at" timestamp, "last_sign_in_at" timestamp, "current_sign_in_ip" varchar(255), "last_sign_in_ip" varchar(255), "created_at" timestamp NOT NULL, "updated_at" timestamp NOT NULL);
INSERT INTO "users" VALUES(2,'D','W','dw','d@x.co','$2a$10$emXJOZbEx565cFMv2BsmJuXIClo/jNjQYtuNJs0xTBtcJF64uOj0.',NULL,NULL,NULL,7,'2014-03-29 03:37:57.915047','2014-03-13 23:54:08.916686','127.0.0.1','127.0.0.1','2014-02-15 19:46:54.138314','2014-03-29 03:37:57.917677');
CREATE TABLE "costtypes" ("id" SERIAL PRIMARY KEY NOT NULL, "costname" varchar(255), "costdesc" varchar(255), "created_at" timestamp NOT NULL, "updated_at" timestamp NOT NULL);
INSERT INTO "costtypes" VALUES(1,'Free','Totally costless... Zip, zilch, nada','2014-02-18 02:08:49.213824','2014-02-18 02:08:49.213824');
INSERT INTO "costtypes" VALUES(2,'One-Time','One-time payment. Nothing else required.','2014-02-18 02:24:01.809315','2014-02-18 02:24:01.809315');
INSERT INTO "costtypes" VALUES(3,'Freemium','Free for the most part. Pay for the extras!','2014-02-18 02:25:14.526792','2014-02-18 02:25:14.526792');
INSERT INTO "costtypes" VALUES(4,'Free - with Ads','Free with a few occasional non-intrusive advertisements','2014-02-18 10:53:45.664100','2014-02-18 10:53:45.664100');
INSERT INTO "costtypes" VALUES(5,'Monthly','A monthly paid subscription','2014-02-18 10:55:33.719676','2014-02-18 10:55:33.719676');
INSERT INTO "costtypes" VALUES(6,'Quarterly','A quarterly paid subscription','2014-02-18 10:56:25.288898','2014-02-18 10:56:25.288898');
INSERT INTO "costtypes" VALUES(7,'Yearly','A yearly paid subscription','2014-02-18 10:56:50.422521','2014-02-18 10:56:50.422521');
CREATE TABLE "schedtypes" ("id" SERIAL PRIMARY KEY NOT NULL, "schedname" varchar(255), "scheddesc" varchar(255), "created_at" timestamp NOT NULL, "updated_at" timestamp NOT NULL);
INSERT INTO "schedtypes" VALUES(1,'On-Demand','Access at anytime you want','2014-02-20 11:26:44.170858','2014-02-20 11:26:44.170858');
INSERT INTO "schedtypes" VALUES(2,'Personalized Schedule','You set your own schedule','2014-02-20 22:21:02.647410','2014-02-20 22:21:02.647410');
INSERT INTO "schedtypes" VALUES(3,'Preset Schedule','A schedule determined by the knowledge source','2014-02-20 22:21:48.229708','2014-02-20 22:21:48.229708');
CREATE TABLE "opinions" ("id" SERIAL PRIMARY KEY NOT NULL, "opinionable_id" integer, "opinionable_type" varchar(255), "rating" decimal, "comment" varchar(255), "user_id" integer, "created_at" timestamp NOT NULL, "updated_at" timestamp NOT NULL, "optitle" varchar(255), "slug" varchar(255));
INSERT INTO "opinions" VALUES(11,5,'Portfolio',7,'Could be better, but sufficient',2,'2014-03-30 17:10:42.218873','2014-03-30 17:10:42.218873','Decent','decent');
INSERT INTO "opinions" VALUES(14,1,'Portfolio',56,'eboirghre oghtogt htw',2,'2014-03-30 17:40:00.778112','2014-03-30 17:40:00.778112','cyhechyh chyehehy','cyhechyh-chyehehy');
CREATE TABLE "friendly_id_slugs" ("id" SERIAL PRIMARY KEY NOT NULL, "slug" varchar(255) NOT NULL, "sluggable_id" integer NOT NULL, "sluggable_type" varchar(40), "created_at" timestamp);
CREATE TABLE "portfolios" ("id" SERIAL PRIMARY KEY NOT NULL, "source_id" integer, "pweburl" varchar(255), "physaddress" text, "cost" decimal, "currency" varchar(255), "startdate" timestamp, "enddate" timestamp, "created_at" timestamp, "updated_at" timestamp, "subject_module_id" integer, "learnercount" integer, "costtype_id" integer, "schedtype_id" integer, "subject_id" integer, "created_by_id" integer, "updated_by_id" integer, "slug" varchar(255), "prttitle" varchar(255), "prtdesc" varchar(255));
INSERT INTO "portfolios" VALUES(1,1,'test.co','test

testff

ffefffffrrr

rsuusu',22,'USD','2014-02-16 18:41:00.000000','2014-02-16 20:41:00.000000','2014-02-16 18:47:20.158432','2014-03-29 20:17:11.194894',29,NULL,1,1,2,2,2,'team-treehouse-ruby-on-rails-ruby-stuff','1st showing','We offer videos, text etc starring nuff ppl');
INSERT INTO "portfolios" VALUES(2,1,'test2.co','test

web

1111',122,'JMD','2014-02-16 18:41:00.000000','2014-02-16 20:41:00.000000','2014-02-16 18:48:57.744499','2014-03-29 20:18:26.617487',3,NULL,1,2,3,2,2,'team-treehouse-objective-c-obc-2','General stuff','Mi nuh know');
INSERT INTO "portfolios" VALUES(3,1,'rrgr','fefefefefef',33,'EUR','2014-03-06 00:00:00.000000','2014-03-08 00:00:00.000000','2014-03-06 04:02:43.207319','2014-03-29 20:19:18.060923',9,NULL,2,2,6,2,2,'team-treehouse-genmod-test-2-general','Test of gen','This is a description');
INSERT INTO "portfolios" VALUES(4,2,'wwvvdvdvd','xxxxxx',22,'USD','2014-03-18 00:00:00.000000','2014-03-19 00:00:00.000000','2014-03-14 04:57:25.103872','2014-03-29 20:19:36.813077',13,NULL,1,1,10,2,2,'test-spanish-233131','This is a title','');
INSERT INTO "portfolios" VALUES(5,4,'www','rrssrdr',0,'','2014-03-30 00:00:00.000000','2014-03-31 00:00:00.000000','2014-03-29 20:23:02.390588','2014-03-29 20:23:02.390588',18,NULL,1,1,10,2,NULL,'udemy-spanish-wqefeqfog','Our first run','Basic nothingness');
CREATE UNIQUE INDEX "unique_schema_migrations" ON "schema_migrations" ("version");
CREATE INDEX "index_category2s_on_category1_id" ON "category2s" ("category1_id");
CREATE INDEX "index_category3s_on_category2_id" ON "category3s" ("category2_id");
CREATE INDEX "index_contenttags_on_taggable_id" ON "contenttags" ("taggable_id");
CREATE INDEX "index_usedmethods_on_deliverymethod_id" ON "usedmethods" ("deliverymethod_id");
CREATE INDEX "index_usedmethods_on_deliverable_id" ON "usedmethods" ("deliverable_id");
CREATE INDEX "index_blog_posts_on_blogger_type_and_blogger_id" ON "blog_posts" ("blogger_type", "blogger_id");
CREATE INDEX "index_blog_comments_on_post_id" ON "blog_comments" ("post_id");
CREATE INDEX "index_taggings_on_tag_id" ON "taggings" ("tag_id");
CREATE INDEX "index_taggings_on_taggable_id_and_taggable_type_and_context" ON "taggings" ("taggable_id", "taggable_type", "context");
CREATE UNIQUE INDEX "index_users_on_email" ON "users" ("email");
CREATE UNIQUE INDEX "index_users_on_reset_password_token" ON "users" ("reset_password_token");
CREATE INDEX "index_opinions_on_user_id" ON "opinions" ("user_id");
CREATE INDEX "index_opinions_on_opinionable_id" ON "opinions" ("opinionable_id");
CREATE INDEX "index_friendly_id_slugs_on_sluggable_id" ON "friendly_id_slugs" ("sluggable_id");
CREATE UNIQUE INDEX "index_friendly_id_slugs_on_slug_and_sluggable_type" ON "friendly_id_slugs" ("slug", "sluggable_type");
CREATE INDEX "index_friendly_id_slugs_on_sluggable_type" ON "friendly_id_slugs" ("sluggable_type");
CREATE INDEX "index_subjects_on_slug" ON "subjects" ("slug");
CREATE INDEX "index_sources_on_slug" ON "sources" ("slug");
CREATE INDEX "index_subject_modules_on_slug" ON "subject_modules" ("slug");
CREATE INDEX "index_subjects_on_created_by_id" ON "subjects" ("created_by_id");
CREATE INDEX "index_subjects_on_updated_by_id" ON "subjects" ("updated_by_id");
CREATE INDEX "index_subject_modules_on_created_by_id" ON "subject_modules" ("created_by_id");
CREATE INDEX "index_subject_modules_on_updated_by_id" ON "subject_modules" ("updated_by_id");
CREATE INDEX "index_sources_on_created_by_id" ON "sources" ("created_by_id");
CREATE INDEX "index_sources_on_updated_by_id" ON "sources" ("updated_by_id");
CREATE INDEX "index_portfolios_on_created_by_id" ON "portfolios" ("created_by_id");
CREATE INDEX "index_portfolios_on_updated_by_id" ON "portfolios" ("updated_by_id");
CREATE INDEX "index_portfolios_on_slug" ON "portfolios" ("slug");
COMMIT;
